method,dataset,r,lam,val_rmse,seconds
"Ours (numpy, r x lambda)",ml-100k,1,0.0,1.0442,36.5
"Ours (numpy, r x lambda)",ml-100k,1,0.0005,1.0442,35.7
"Ours (numpy, r x lambda)",ml-100k,1,0.0001,1.0442,37.4
"Ours (numpy, r x lambda)",ml-100k,1,0.001,1.0442,37.2
"Ours (numpy, r x lambda)",ml-100k,1,0.01,1.0443,37.1
"Ours (numpy, r x lambda)",ml-100k,1,0.005,1.0443,37.9
"Ours (numpy, r x lambda)",ml-100k,2,0.0,1.0401,30.0
"Ours (numpy, r x lambda)",ml-100k,1,0.03,1.0445,36.6
"Ours (numpy, r x lambda)",ml-100k,1,0.02,1.0444,37.1
"Ours (numpy, r x lambda)",ml-100k,1,0.04,1.0445,36.8
"Ours (numpy, r x lambda)",ml-100k,1,0.045,1.0445,36.8
"Ours (numpy, r x lambda)",ml-100k,1,0.05,1.0445,38.1
"Ours (numpy, r x lambda)",ml-100k,2,0.0001,1.0401,30.5
"Ours (numpy, r x lambda)",ml-100k,2,0.001,1.04,29.6
"Ours (numpy, r x lambda)",ml-100k,2,0.0005,1.04,29.9
"Ours (numpy, r x lambda)",ml-100k,2,0.005,1.0398,29.0
"Ours (numpy, r x lambda)",ml-100k,2,0.01,1.0394,30.8
"Ours (numpy, r x lambda)",ml-100k,2,0.02,1.0385,30.3
"Ours (numpy, r x lambda)",ml-100k,2,0.03,1.0373,31.1
"Ours (numpy, r x lambda)",ml-100k,2,0.04,1.0357,29.1
"Ours (numpy, r x lambda)",ml-100k,2,0.045,1.0348,29.3
"Ours (numpy, r x lambda)",ml-100k,2,0.05,1.0337,30.8
"Ours (numpy, r x lambda)",ml-100k,3,0.0,1.0407,30.3
"Ours (numpy, r x lambda)",ml-100k,3,0.0001,1.0407,29.4
"Ours (numpy, r x lambda)",ml-100k,3,0.005,1.0404,29.6
"Ours (numpy, r x lambda)",ml-100k,3,0.0005,1.0406,30.5
"Ours (numpy, r x lambda)",ml-100k,3,0.001,1.0406,30.3
"Ours (numpy, r x lambda)",ml-100k,3,0.01,1.0401,30.4
"Ours (numpy, r x lambda)",ml-100k,3,0.02,1.0393,29.9
"Ours (numpy, r x lambda)",ml-100k,3,0.03,1.0382,30.2
"Ours (numpy, r x lambda)",ml-100k,3,0.045,1.036,29.1
"Ours (numpy, r x lambda)",ml-100k,3,0.04,1.0368,30.3
"Ours (numpy, r x lambda)",ml-100k,3,0.05,1.035,31.0
"Ours (numpy, r x lambda)",ml-100k,4,0.0,1.0404,29.8
"Ours (numpy, r x lambda)",ml-100k,4,0.0001,1.0404,29.7
"Ours (numpy, r x lambda)",ml-100k,4,0.0005,1.0404,30.7
"Ours (numpy, r x lambda)",ml-100k,4,0.001,1.0403,29.4
"Ours (numpy, r x lambda)",ml-100k,4,0.01,1.0397,29.7
"Ours (numpy, r x lambda)",ml-100k,4,0.005,1.0401,31.0
"Ours (numpy, r x lambda)",ml-100k,4,0.02,1.0388,29.3
"Ours (numpy, r x lambda)",ml-100k,4,0.03,1.0375,31.5
"Ours (numpy, r x lambda)",ml-100k,4,0.04,1.0358,30.7
"Ours (numpy, r x lambda)",ml-100k,4,0.045,1.0348,29.1
"Ours (numpy, r x lambda)",ml-100k,5,0.0,1.0369,29.3
"Ours (numpy, r x lambda)",ml-100k,4,0.05,1.0337,31.1
"Ours (numpy, r x lambda)",ml-100k,5,0.0001,1.0369,30.5
"Ours (numpy, r x lambda)",ml-100k,5,0.0005,1.0369,30.1
"Ours (numpy, r x lambda)",ml-100k,5,0.001,1.0368,29.9
"Ours (numpy, r x lambda)",ml-100k,5,0.005,1.0363,30.8
"Ours (numpy, r x lambda)",ml-100k,5,0.01,1.0355,30.0
"Ours (numpy, r x lambda)",ml-100k,5,0.03,1.031,30.2
"Ours (numpy, r x lambda)",ml-100k,5,0.02,1.0335,30.4
"Ours (numpy, r x lambda)",ml-100k,5,0.04,1.0278,29.5
"Ours (numpy, r x lambda)",ml-100k,5,0.045,1.026,30.1
"Ours (numpy, r x lambda)",ml-100k,5,0.05,1.024,29.9
"Ours (numpy, r x lambda)",ml-100k,10,0.0,1.0338,30.3
"Ours (numpy, r x lambda)",ml-100k,10,0.0001,1.0337,29.5
"Ours (numpy, r x lambda)",ml-100k,10,0.0005,1.0337,29.8
"Ours (numpy, r x lambda)",ml-100k,10,0.001,1.0336,30.5
"Ours (numpy, r x lambda)",ml-100k,10,0.005,1.0329,30.8
"Ours (numpy, r x lambda)",ml-100k,10,0.01,1.0319,32.0
"Ours (numpy, r x lambda)",ml-100k,10,0.03,1.0263,29.9
"Ours (numpy, r x lambda)",ml-100k,10,0.04,1.0224,30.1
"Ours (numpy, r x lambda)",ml-100k,10,0.02,1.0294,31.5
"Ours (numpy, r x lambda)",ml-100k,10,0.045,1.0203,29.8
"Ours (numpy, r x lambda)",ml-100k,10,0.05,1.0181,30.8
"Ours (numpy, r x lambda)",ml-100k,20,0.0,1.0374,29.9
"Ours (numpy, r x lambda)",ml-100k,20,0.0005,1.0373,29.6
"Ours (numpy, r x lambda)",ml-100k,20,0.0001,1.0374,31.5
"Ours (numpy, r x lambda)",ml-100k,20,0.001,1.0373,32.0
"Ours (numpy, r x lambda)",ml-100k,20,0.005,1.0367,30.7
"Ours (numpy, r x lambda)",ml-100k,20,0.01,1.0358,30.7
"Ours (numpy, r x lambda)",ml-100k,20,0.02,1.0336,30.0
"Ours (numpy, r x lambda)",ml-100k,20,0.03,1.0306,29.7
"Ours (numpy, r x lambda)",ml-100k,20,0.04,1.0269,31.6
"Ours (numpy, r x lambda)",ml-100k,20,0.045,1.0248,31.5
"Ours (numpy, r x lambda)",ml-100k,20,0.05,1.0226,30.3
"Ours (numpy, r x lambda)",ml-100k,50,0.0,1.0355,29.7
"Ours (numpy, r x lambda)",ml-100k,50,0.0001,1.0355,30.2
"Ours (numpy, r x lambda)",ml-100k,50,0.0005,1.0354,30.3
"Ours (numpy, r x lambda)",ml-100k,50,0.001,1.0353,30.2
"Ours (numpy, r x lambda)",ml-100k,50,0.01,1.0333,30.2
"Ours (numpy, r x lambda)",ml-100k,50,0.005,1.0345,31.7
"Ours (numpy, r x lambda)",ml-100k,50,0.02,1.0303,30.2
"Ours (numpy, r x lambda)",ml-100k,50,0.03,1.0263,31.1
"Ours (numpy, r x lambda)",ml-100k,50,0.04,1.0214,30.6
"Ours (numpy, r x lambda)",ml-100k,50,0.045,1.0188,30.9
"Ours (numpy, r x lambda)",ml-100k,100,0.0,1.041,29.9
"Ours (numpy, r x lambda)",ml-100k,50,0.05,1.0162,30.7
"Ours (numpy, r x lambda)",ml-100k,100,0.0001,1.041,30.5
"Ours (numpy, r x lambda)",ml-100k,100,0.001,1.0409,29.5
"Ours (numpy, r x lambda)",ml-100k,100,0.0005,1.041,32.2
"Ours (numpy, r x lambda)",ml-100k,100,0.005,1.0401,30.5
"Ours (numpy, r x lambda)",ml-100k,100,0.02,1.0358,31.1
"Ours (numpy, r x lambda)",ml-100k,100,0.01,1.0389,32.2
"Ours (numpy, r x lambda)",ml-100k,100,0.03,1.0317,30.7
"Ours (numpy, r x lambda)",ml-100k,100,0.04,1.0271,28.8
"Ours (numpy, r x lambda)",ml-100k,100,0.045,1.0246,28.9
"Ours (numpy, r x lambda)",ml-100k,100,0.05,1.0222,29.0
"Ours (numpy, r x lambda)",ml-1m,1,0.005,1.1171,366.5
"Ours (numpy, r x lambda)",ml-1m,1,0.0005,1.1172,368.4
"Ours (numpy, r x lambda)",ml-1m,1,0.0,1.1172,372.1
"Ours (numpy, r x lambda)",ml-1m,1,0.0001,1.1172,371.5
"Ours (numpy, r x lambda)",ml-1m,1,0.001,1.1172,373.4
"Ours (numpy, r x lambda)",ml-1m,1,0.01,1.1168,377.6
"Ours (numpy, r x lambda)",ml-1m,2,0.0,1.1173,301.1
"Ours (numpy, r x lambda)",ml-1m,1,0.02,1.1156,371.5
"Ours (numpy, r x lambda)",ml-1m,1,0.03,1.1129,371.5
"Ours (numpy, r x lambda)",ml-1m,1,0.045,1.1017,377.2
"Ours (numpy, r x lambda)",ml-1m,1,0.05,1.0948,374.0
"Ours (numpy, r x lambda)",ml-1m,1,0.04,1.1068,378.9
"Ours (numpy, r x lambda)",ml-1m,2,0.0001,1.1173,301.4
"Ours (numpy, r x lambda)",ml-1m,2,0.001,1.1173,297.6
"Ours (numpy, r x lambda)",ml-1m,2,0.0005,1.1173,304.4
"Ours (numpy, r x lambda)",ml-1m,2,0.01,1.1169,299.8
"Ours (numpy, r x lambda)",ml-1m,2,0.02,1.1158,300.0
"Ours (numpy, r x lambda)",ml-1m,2,0.005,1.1171,304.5
"Ours (numpy, r x lambda)",ml-1m,2,0.03,1.1133,296.3
"Ours (numpy, r x lambda)",ml-1m,2,0.04,1.1078,297.5
"Ours (numpy, r x lambda)",ml-1m,2,0.05,1.0967,296.6
"Ours (numpy, r x lambda)",ml-1m,3,0.0,1.1167,300.5
"Ours (numpy, r x lambda)",ml-1m,2,0.045,1.1031,307.4
"Ours (numpy, r x lambda)",ml-1m,3,0.0001,1.1167,302.7
"Ours (numpy, r x lambda)",ml-1m,3,0.0005,1.1166,300.7
"Ours (numpy, r x lambda)",ml-1m,3,0.001,1.1166,298.4
"Ours (numpy, r x lambda)",ml-1m,3,0.005,1.1163,297.7
"Ours (numpy, r x lambda)",ml-1m,3,0.01,1.1156,302.2
"Ours (numpy, r x lambda)",ml-1m,3,0.02,1.1128,303.0
"Ours (numpy, r x lambda)",ml-1m,3,0.03,1.1065,300.5
"Ours (numpy, r x lambda)",ml-1m,3,0.04,1.0937,303.1
"Ours (numpy, r x lambda)",ml-1m,3,0.045,1.0846,296.8
"Ours (numpy, r x lambda)",ml-1m,3,0.05,1.0747,299.2
"Ours (numpy, r x lambda)",ml-1m,4,0.0,1.1169,301.6
"Ours (numpy, r x lambda)",ml-1m,4,0.0001,1.1169,302.5
"Ours (numpy, r x lambda)",ml-1m,4,0.0005,1.1169,304.1
"Ours (numpy, r x lambda)",ml-1m,4,0.001,1.1168,300.7
"Ours (numpy, r x lambda)",ml-1m,4,0.005,1.1166,296.7
"Ours (numpy, r x lambda)",ml-1m,4,0.01,1.116,300.1
"Ours (numpy, r x lambda)",ml-1m,4,0.02,1.1136,302.5
"Ours (numpy, r x lambda)",ml-1m,4,0.03,1.108,303.2
"Ours (numpy, r x lambda)",ml-1m,4,0.04,1.0965,307.2
"Ours (numpy, r x lambda)",ml-1m,4,0.045,1.088,304.7
"Ours (numpy, r x lambda)",ml-1m,4,0.05,1.0783,297.9
"Ours (numpy, r x lambda)",ml-1m,5,0.0,1.1162,303.9
"Ours (numpy, r x lambda)",ml-1m,5,0.0001,1.1162,304.1
"Ours (numpy, r x lambda)",ml-1m,5,0.0005,1.1162,304.5
"Ours (numpy, r x lambda)",ml-1m,5,0.001,1.1162,309.6
"Ours (numpy, r x lambda)",ml-1m,5,0.005,1.1158,301.0
"Ours (numpy, r x lambda)",ml-1m,5,0.01,1.1151,303.2
"Ours (numpy, r x lambda)",ml-1m,5,0.02,1.1123,300.9
"Ours (numpy, r x lambda)",ml-1m,5,0.03,1.1062,298.7
"Ours (numpy, r x lambda)",ml-1m,5,0.04,1.0941,300.6
"Ours (numpy, r x lambda)",ml-1m,5,0.045,1.085,309.1
"Ours (numpy, r x lambda)",ml-1m,5,0.05,1.074,301.9
"Ours (numpy, r x lambda)",ml-1m,10,0.0,1.1166,304.6
"Ours (numpy, r x lambda)",ml-1m,10,0.0001,1.1166,303.1
"Ours (numpy, r x lambda)",ml-1m,10,0.0005,1.1166,305.6
"Ours (numpy, r x lambda)",ml-1m,10,0.001,1.1165,306.0
"Ours (numpy, r x lambda)",ml-1m,10,0.005,1.1161,309.8
"Ours (numpy, r x lambda)",ml-1m,10,0.01,1.1153,302.9
"Ours (numpy, r x lambda)",ml-1m,10,0.02,1.1118,305.3
"Ours (numpy, r x lambda)",ml-1m,10,0.03,1.1042,305.4
"Ours (numpy, r x lambda)",ml-1m,10,0.04,1.0895,307.6
"Ours (numpy, r x lambda)",ml-1m,10,0.045,1.0798,306.1
"Ours (numpy, r x lambda)",ml-1m,10,0.05,1.0697,310.4
"Ours (numpy, r x lambda)",ml-1m,20,0.0,1.1159,305.0
"Ours (numpy, r x lambda)",ml-1m,20,0.0001,1.1159,303.4
"Ours (numpy, r x lambda)",ml-1m,20,0.0005,1.1159,306.9
"Ours (numpy, r x lambda)",ml-1m,20,0.001,1.1158,302.1
"Ours (numpy, r x lambda)",ml-1m,20,0.005,1.1151,308.1
"Ours (numpy, r x lambda)",ml-1m,20,0.01,1.1136,310.2
"Ours (numpy, r x lambda)",ml-1m,20,0.02,1.1076,307.4
"Ours (numpy, r x lambda)",ml-1m,20,0.03,1.0951,301.2
"Ours (numpy, r x lambda)",ml-1m,20,0.04,1.0751,307.7
"Ours (numpy, r x lambda)",ml-1m,20,0.045,1.0644,303.0
"Ours (numpy, r x lambda)",ml-1m,20,0.05,1.0545,305.9
"Ours (numpy, r x lambda)",ml-1m,50,0.0,1.1166,313.2
"Ours (numpy, r x lambda)",ml-1m,50,0.0001,1.1166,306.7
"Ours (numpy, r x lambda)",ml-1m,50,0.0005,1.1165,309.1
"Ours (numpy, r x lambda)",ml-1m,50,0.001,1.1165,306.8
"Ours (numpy, r x lambda)",ml-1m,50,0.005,1.1156,305.3
"Ours (numpy, r x lambda)",ml-1m,50,0.01,1.1135,310.0
"Ours (numpy, r x lambda)",ml-1m,50,0.02,1.1056,321.9
"Ours (numpy, r x lambda)",ml-1m,50,0.03,1.0896,308.9
"Ours (numpy, r x lambda)",ml-1m,50,0.04,1.0654,306.6
"Ours (numpy, r x lambda)",ml-1m,50,0.045,1.0529,303.0
"Ours (numpy, r x lambda)",ml-1m,50,0.05,1.0411,302.2
"Ours (numpy, r x lambda)",ml-1m,100,0.0,1.1106,320.3
"Ours (numpy, r x lambda)",ml-1m,100,0.0001,1.1106,319.2
"Ours (numpy, r x lambda)",ml-1m,100,0.0005,1.1104,310.4
"Ours (numpy, r x lambda)",ml-1m,100,0.001,1.1102,312.2
"Ours (numpy, r x lambda)",ml-1m,100,0.005,1.1072,308.4
"Ours (numpy, r x lambda)",ml-1m,100,0.01,1.1009,317.4
"Ours (numpy, r x lambda)",ml-1m,100,0.02,1.08,315.1
"Ours (numpy, r x lambda)",ml-1m,100,0.03,1.0531,314.8
"Ours (numpy, r x lambda)",ml-1m,100,0.04,1.0296,294.2
"Ours (numpy, r x lambda)",ml-1m,100,0.045,1.0191,288.0
"Ours (numpy, r x lambda)",ml-1m,100,0.05,1.0092,287.5
"Ours (numpy, r x lambda)",douban,1,0.0001,0.9829,471.2
"Ours (numpy, r x lambda)",douban,1,0.001,0.9829,472.0
"Ours (numpy, r x lambda)",douban,1,0.0,0.9829,476.0
"Ours (numpy, r x lambda)",douban,1,0.01,0.9823,475.6
"Ours (numpy, r x lambda)",douban,1,0.005,0.9827,477.2
"Ours (numpy, r x lambda)",douban,1,0.0005,0.9829,479.4
"Ours (numpy, r x lambda)",douban,2,0.0,0.9824,432.9
"Ours (numpy, r x lambda)",douban,1,0.02,0.9803,526.7
"Ours (numpy, r x lambda)",douban,1,0.04,0.9635,525.9
"Ours (numpy, r x lambda)",douban,1,0.03,0.9752,528.4
"Ours (numpy, r x lambda)",douban,1,0.05,0.9429,534.6
"Ours (numpy, r x lambda)",douban,1,0.045,0.9542,536.3
"Ours (numpy, r x lambda)",douban,2,0.0001,0.9824,421.8
"Ours (numpy, r x lambda)",douban,2,0.0005,0.9824,411.2
"Ours (numpy, r x lambda)",douban,2,0.001,0.9823,416.8
"Ours (numpy, r x lambda)",douban,2,0.005,0.9819,420.4
"Ours (numpy, r x lambda)",douban,2,0.01,0.9809,410.7
"Ours (numpy, r x lambda)",douban,2,0.02,0.9763,418.2
"Ours (numpy, r x lambda)",douban,2,0.03,0.9655,419.8
"Ours (numpy, r x lambda)",douban,2,0.04,0.9464,419.7
"Ours (numpy, r x lambda)",douban,2,0.045,0.9353,415.9
"Ours (numpy, r x lambda)",douban,2,0.05,0.9243,413.7
"Ours (numpy, r x lambda)",douban,3,0.0,0.9777,412.9
"Ours (numpy, r x lambda)",douban,3,0.0001,0.9776,419.3
"Ours (numpy, r x lambda)",douban,3,0.0005,0.9775,418.0
"Ours (numpy, r x lambda)",douban,3,0.001,0.9774,413.7
"Ours (numpy, r x lambda)",douban,3,0.005,0.9755,417.0
"Ours (numpy, r x lambda)",douban,3,0.01,0.9714,416.7
"Ours (numpy, r x lambda)",douban,3,0.02,0.9555,415.1
"Ours (numpy, r x lambda)",douban,3,0.03,0.931,419.7
"Ours (numpy, r x lambda)",douban,3,0.04,0.9074,420.8
"Ours (numpy, r x lambda)",douban,3,0.045,0.8976,418.0
"Ours (numpy, r x lambda)",douban,4,0.0001,0.9612,413.9
"Ours (numpy, r x lambda)",douban,3,0.05,0.8888,420.4
"Ours (numpy, r x lambda)",douban,4,0.0,0.9613,419.2
"Ours (numpy, r x lambda)",douban,4,0.0005,0.9608,418.2
"Ours (numpy, r x lambda)",douban,4,0.001,0.9603,418.4
"Ours (numpy, r x lambda)",douban,4,0.005,0.9544,414.2
"Ours (numpy, r x lambda)",douban,4,0.01,0.943,415.7
"Ours (numpy, r x lambda)",douban,4,0.02,0.9158,417.8
"Ours (numpy, r x lambda)",douban,4,0.03,0.8935,418.1
"Ours (numpy, r x lambda)",douban,4,0.04,0.877,408.6
"Ours (numpy, r x lambda)",douban,4,0.045,0.8703,418.8
"Ours (numpy, r x lambda)",douban,4,0.05,0.8642,418.0
"Ours (numpy, r x lambda)",douban,5,0.0,0.9772,414.4
"Ours (numpy, r x lambda)",douban,5,0.0005,0.9771,415.7
"Ours (numpy, r x lambda)",douban,5,0.0001,0.9772,419.7
"Ours (numpy, r x lambda)",douban,5,0.001,0.9769,413.6
"Ours (numpy, r x lambda)",douban,5,0.005,0.975,419.0
"Ours (numpy, r x lambda)",douban,5,0.01,0.9707,418.9
"Ours (numpy, r x lambda)",douban,5,0.02,0.9543,420.8
"Ours (numpy, r x lambda)",douban,5,0.03,0.9291,417.0
"Ours (numpy, r x lambda)",douban,5,0.045,0.8955,415.4
"Ours (numpy, r x lambda)",douban,5,0.04,0.9053,422.4
"Ours (numpy, r x lambda)",douban,5,0.05,0.8871,442.6
"Ours (numpy, r x lambda)",douban,10,0.0001,0.9753,447.7
"Ours (numpy, r x lambda)",douban,10,0.0,0.9753,457.4
"Ours (numpy, r x lambda)",douban,10,0.0005,0.9751,448.9
"Ours (numpy, r x lambda)",douban,10,0.001,0.9749,447.4
"Ours (numpy, r x lambda)",douban,10,0.005,0.9724,458.3
"Ours (numpy, r x lambda)",douban,10,0.01,0.9669,436.6
"Ours (numpy, r x lambda)",douban,10,0.03,0.92,430.4
"Ours (numpy, r x lambda)",douban,10,0.02,0.947,434.9
"Ours (numpy, r x lambda)",douban,10,0.04,0.896,430.0
"Ours (numpy, r x lambda)",douban,10,0.045,0.8858,428.7
"Ours (numpy, r x lambda)",douban,10,0.05,0.8765,435.1
"Ours (numpy, r x lambda)",douban,20,0.0,0.9793,438.0
"Ours (numpy, r x lambda)",douban,20,0.0005,0.9792,434.5
"Ours (numpy, r x lambda)",douban,20,0.005,0.9775,433.0
"Ours (numpy, r x lambda)",douban,20,0.0001,0.9793,439.1
"Ours (numpy, r x lambda)",douban,20,0.001,0.9791,442.4
"Ours (numpy, r x lambda)",douban,20,0.01,0.974,442.3
"Ours (numpy, r x lambda)",douban,20,0.02,0.9598,412.3
"Ours (numpy, r x lambda)",douban,20,0.03,0.9355,406.8
"Ours (numpy, r x lambda)",douban,20,0.045,0.8974,407.5
"Ours (numpy, r x lambda)",douban,20,0.04,0.9092,412.2
"Ours (numpy, r x lambda)",douban,20,0.05,0.8866,407.6
"Ours (numpy, r x lambda)",douban,50,0.0,0.9729,411.2
"Ours (numpy, r x lambda)",douban,50,0.0001,0.9728,403.4
"Ours (numpy, r x lambda)",douban,50,0.0005,0.9726,398.9
"Ours (numpy, r x lambda)",douban,50,0.001,0.9723,395.3
"Ours (numpy, r x lambda)",douban,50,0.005,0.9687,399.4
"Ours (numpy, r x lambda)",douban,50,0.01,0.9607,403.6
"Ours (numpy, r x lambda)",douban,50,0.02,0.9351,402.7
"Ours (numpy, r x lambda)",douban,50,0.03,0.9069,405.0
"Ours (numpy, r x lambda)",douban,50,0.04,0.8839,399.2
"Ours (numpy, r x lambda)",douban,50,0.045,0.8741,401.0
"Ours (numpy, r x lambda)",douban,50,0.05,0.8654,403.8
"Ours (numpy, r x lambda)",douban,100,0.0,0.9717,414.5
"Ours (numpy, r x lambda)",douban,100,0.0001,0.9716,411.3
"Ours (numpy, r x lambda)",douban,100,0.0005,0.9714,402.5
"Ours (numpy, r x lambda)",douban,100,0.001,0.971,402.4
"Ours (numpy, r x lambda)",douban,100,0.005,0.9663,401.4
"Ours (numpy, r x lambda)",douban,100,0.01,0.9564,406.5
"Ours (numpy, r x lambda)",douban,100,0.02,0.9283,408.6
"Ours (numpy, r x lambda)",douban,100,0.03,0.9016,400.9
"Ours (numpy, r x lambda)",douban,100,0.04,0.8807,374.9
"Ours (numpy, r x lambda)",douban,100,0.045,0.872,366.4
"Ours (numpy, r x lambda)",douban,100,0.05,0.8642,364.8
